Account_ID,Description,Date,Type,Amount,Balance
,NETFLIX,2025-01-01,,-163.67,3543.32
,GYM MEMBERSHIP,2025-01-01,,-207.52,3335.8
,PAYROLL,2025-01-01,,914.81,4250.61
,CHASE CREDIT CARD,2025-01-02,,-188.49,4062.12
,ELECTRIC BILL,2025-01-02,,-75.71,3986.41
,PAYROLL,2025-01-02,,2221.69,6208.1
,LYFT,2025-01-02,,-235.96,5972.14
,INTERNET BILL,2025-01-03,,-125.98,5846.16
,TRANSFER IN,2025-01-04,,599.65,6445.81
,TARGET,2025-01-04,,-83.97,6361.84
,AMAZON,2025-01-04,,-27.38,6334.46
,TARGET,2025-01-05,,-209.81,6124.65
,LYFT,2025-01-05,,-237.94,5886.71
,AMAZON,2025-01-05,,-169.71,5717
,ATM WITHDRAWAL,2025-01-06,,-14.86,5702.14
,CHEVRON,2025-01-06,,-120.27,5581.87
,CVS PHARMACY,2025-01-07,,-229.44,5352.43
,STARBUCKS,2025-01-07,,-148.41,5204.02
,WALMART,2025-01-08,,-125.47,5078.55
,PAYROLL,2025-01-08,,1369.9,6448.45
,ZELLE,2025-01-09,,-169.18,6279.27
,DOORDASH,2025-01-10,,-85.8,6193.47
,WATER BILL,2025-01-10,,-75.61,6117.86
,INTERNET BILL,2025-01-11,,-204.32,5913.54
,GROCERY STORE,2025-01-11,,-116.43,5797.11
,WENDY'S,2025-01-11,,-84.2,5712.91
,LYFT,2025-01-13,,-104.02,5608.89
,APPLE.COM,2025-01-13,,-247.09,5361.8
,LYFT,2025-01-13,,-137.94,5223.86
,WENDY'S,2025-01-13,,-50.96,5172.9
,INTERNET BILL,2025-01-14,,-190.33,4982.57
,APPLE.COM,2025-01-14,,-191.2,4791.37
,NETFLIX,2025-01-14,,-139.56,4651.81
,GRUBHUB,2025-01-14,,-112.34,4539.47
,PAYROLL,2025-01-15,,-34.75,4504.72
,CHASE CREDIT CARD,2025-01-15,,-154.17,4350.55
,CHEVRON,2025-01-15,,-43.8,4306.75
,SHELL GAS,2025-01-16,,-140.3,4166.45
,TRANSFER IN,2025-01-16,,2980.64,7147.09
,ELECTRIC BILL,2025-01-17,,-118.05,7029.04
,PAYROLL,2025-01-17,,2580.36,9609.4
,WALMART,2025-01-17,,-180.57,9428.83
,LYFT,2025-01-17,,-71.99,9356.84
,DOORDASH,2025-01-19,,-245.16,9111.68
,VENMO,2025-01-20,,-140.06,8971.62
,AMAZON,2025-01-20,,-230.86,8740.76
,CVS PHARMACY,2025-01-21,,-220.43,8520.33
,PAYROLL,2025-01-21,,-72.68,8447.65
,MCDONALD'S,2025-01-21,,-106.66,8340.99
,SPOTIFY,2025-01-22,,-129.4,8211.59
,GYM MEMBERSHIP,2025-01-22,,-74.3,8137.29
,SPOTIFY,2025-01-23,,-148.8,7988.49
,APPLE.COM,2025-01-23,,-124.96,7863.53
,PAYROLL,2025-01-23,,1846.45,9709.98
,ZELLE,2025-01-24,,-140.22,9569.76
,MCDONALD'S,2025-01-24,,-116.56,9453.2
,TARGET,2025-01-24,,-51.22,9401.98
,CHEVRON,2025-01-25,,-145.09,9256.89
,UBER,2025-01-26,,-195.01,9061.88
,VENMO,2025-01-26,,2361.76,11423.64
,CHASE CREDIT CARD,2025-01-26,,-203.8,11219.84
,DOORDASH,2025-01-26,,-167.6,11052.24
,SPOTIFY,2025-01-27,,-245.3,10806.94
,INTERNET BILL,2025-01-27,,-14.07,10792.87
,RENT PAYMENT,2025-01-27,,-149.59,10643.28
,LYFT,2025-01-28,,-219.18,10424.1
,MCDONALD'S,2025-01-28,,-133.86,10290.24
,CHEVRON,2025-01-28,,-182,10108.24
,CHASE CREDIT CARD,2025-01-29,,-165.42,9942.82
,ATM WITHDRAWAL,2025-01-30,,-120.03,9822.79
,GYM MEMBERSHIP,2025-01-30,,-87.95,9734.84
,GYM MEMBERSHIP,2025-01-30,,-164.21,9570.63
,UBER,2025-01-30,,-213.82,9356.81
,INTERNET BILL,2025-01-31,,-98.1,9258.71
,ZELLE,2025-01-31,,-181.09,9077.62
,GYM MEMBERSHIP,2025-01-31,,-218.73,8858.89
,ZELLE,2025-02-01,,671.05,9529.94
,STARBUCKS,2025-02-01,,-230.63,9299.31
,TARGET,2025-02-01,,-187.96,9111.35
,WENDY'S,2025-02-02,,-29.12,9082.23
,TARGET,2025-02-02,,-218.78,8863.45
,LYFT,2025-02-02,,-175.03,8688.42
,ZELLE,2025-02-03,,-16.27,8672.15
,CHEVRON,2025-02-03,,-76.88,8595.27
,GROCERY STORE,2025-02-04,,-40.66,8554.61
,GRUBHUB,2025-02-04,,-143.65,8410.96
,WATER BILL,2025-02-05,,-46.65,8364.31
,PAYROLL,2025-02-05,,2677.1,11041.41
,APPLE.COM,2025-02-05,,-64,10977.41
,TARGET,2025-02-05,,-40.06,10937.35
,GYM MEMBERSHIP,2025-02-05,,-67.22,10870.13
,ELECTRIC BILL,2025-02-05,,-7.3,10862.83
,CVS PHARMACY,2025-02-05,,-225.8,10637.03
,INTERNET BILL,2025-02-05,,-43.7,10593.33
,INTERNET BILL,2025-02-06,,-89.66,10503.67
,SPOTIFY,2025-02-06,,-161.54,10342.13
,SHELL GAS,2025-02-06,,-66.27,10275.86
,UBER,2025-02-06,,-53.81,10222.05
,VENMO,2025-02-07,,-123.39,10098.66
,LYFT,2025-02-07,,-145.12,9953.54
,WENDY'S,2025-02-07,,-248.21,9705.33
,ATM WITHDRAWAL,2025-02-07,,-244.6,9460.73
,AMAZON,2025-02-08,,-72.25,9388.48
,STARBUCKS,2025-02-08,,-173.02,9215.46
,WATER BILL,2025-02-08,,-17.02,9198.44
,NETFLIX,2025-02-08,,-126.7,9071.74
,PAYROLL,2025-02-09,,-75.12,8996.62
,AMAZON,2025-02-10,,-153.73,8842.89
,LYFT,2025-02-10,,-160.97,8681.92
,VENMO,2025-02-10,,-171.05,8510.87
,WENDY'S,2025-02-11,,-166.5,8344.37
,WATER BILL,2025-02-11,,-158.92,8185.45
,CHEVRON,2025-02-11,,-163.35,8022.1
,MCDONALD'S,2025-02-11,,-113,7909.1
,INTERNET BILL,2025-02-11,,-184.43,7724.67
,PAYROLL,2025-02-12,,1237.78,8962.45
,CHASE CREDIT CARD,2025-02-13,,-48.03,8914.42
,PAYROLL,2025-02-13,,1848.52,10762.94
,VENMO,2025-02-13,,-135.06,10627.88
,STARBUCKS,2025-02-13,,-208.47,10419.41
,GROCERY STORE,2025-02-14,,-207.05,10212.36
,GRUBHUB,2025-02-14,,-202.59,10009.77
,CVS PHARMACY,2025-02-16,,-87.99,9921.78
,PAYROLL,2025-02-17,,2907.23,12829.01
,TRANSFER IN,2025-02-17,,2916.25,15745.26
,CHASE CREDIT CARD,2025-02-17,,-182.43,15562.83
,AMAZON,2025-02-17,,-241.98,15320.85
,WENDY'S,2025-02-17,,-94.61,15226.24
,ELECTRIC BILL,2025-02-17,,-8.41,15217.83
,STARBUCKS,2025-02-18,,-116.42,15101.41
,LYFT,2025-02-19,,-169.72,14931.69
,SPOTIFY,2025-02-19,,-206.49,14725.2
,NETFLIX,2025-02-20,,-31.54,14693.66
,APPLE.COM,2025-02-20,,-11.13,14682.53
,DOORDASH,2025-02-20,,-142.54,14539.99
,CVS PHARMACY,2025-02-21,,-59.23,14480.76
,VENMO,2025-02-21,,2559.64,17040.4
,APPLE.COM,2025-02-21,,-79.04,16961.36
,MCDONALD'S,2025-02-22,,-39.25,16922.11
,NETFLIX,2025-02-22,,-79.57,16842.54
,LYFT,2025-02-22,,-28.81,16813.73
,PAYROLL,2025-02-22,,-38.24,16775.49
,UBER,2025-02-22,,-169.27,16606.22
,STARBUCKS,2025-02-23,,-236.76,16369.46
,GYM MEMBERSHIP,2025-02-24,,-186.86,16182.6
,GYM MEMBERSHIP,2025-02-24,,-106.65,16075.95
,TRANSFER IN,2025-02-24,,1723.37,17799.32
,SHELL GAS,2025-02-24,,-238.12,17561.2
,ZELLE,2025-02-25,,1426.32,18987.52
,SHELL GAS,2025-02-25,,-237.89,18749.63
,WALMART,2025-02-25,,-29.34,18720.29
,MCDONALD'S,2025-02-25,,-138.39,18581.9
,MCDONALD'S,2025-02-26,,-92.88,18489.02
,APPLE.COM,2025-02-27,,-51.5,18437.52
,REFUND,2025-02-27,,2620.08,21057.6
,SHELL GAS,2025-02-27,,-167.38,20890.22
,ZELLE,2025-02-27,,-151.3,20738.92
,VENMO,2025-02-28,,2466.99,23205.91
,GYM MEMBERSHIP,2025-02-28,,-35.85,23170.06
,UBER,2025-02-28,,-21.81,23148.25
,MCDONALD'S,2025-02-28,,-55.75,23092.5
,SPOTIFY,2025-02-28,,-218.08,22874.42
,MCDONALD'S,2025-03-01,,-41.15,22833.27
,NETFLIX,2025-03-01,,-5.69,22827.58
,SHELL GAS,2025-03-01,,-40.45,22787.13
,PAYROLL,2025-03-02,,1126.64,23913.77
,WALMART,2025-03-03,,-166.96,23746.81
,VENMO,2025-03-03,,537.15,24283.96
,GRUBHUB,2025-03-03,,-63.29,24220.67
,WATER BILL,2025-03-03,,-47.69,24172.98
,TRANSFER IN,2025-03-03,,2354.3,26527.28
,AMAZON,2025-03-04,,-187.69,26339.59
,UBER,2025-03-05,,-195.61,26143.98
,GRUBHUB,2025-03-05,,-31.72,26112.26
,APPLE.COM,2025-03-06,,-236.63,25875.63
,ZELLE,2025-03-06,,2458.07,28333.7
,PAYROLL,2025-03-06,,-132.76,28200.94
,WATER BILL,2025-03-06,,-241.19,27959.75
,ZELLE,2025-03-07,,1697.45,29657.2
,CHEVRON,2025-03-07,,-173.09,29484.11
,CVS PHARMACY,2025-03-07,,-227.88,29256.23
,TRANSFER IN,2025-03-07,,701.98,29958.21
,AMAZON,2025-03-08,,-21.09,29937.12
,ELECTRIC BILL,2025-03-09,,-160.1,29777.02
,SPOTIFY,2025-03-09,,-84.67,29692.35
,NETFLIX,2025-03-09,,-134.99,29557.36
,GRUBHUB,2025-03-10,,-153.33,29404.03
,ZELLE,2025-03-10,,2254.45,31658.48
,TARGET,2025-03-11,,-164.47,31494.01
,CVS PHARMACY,2025-03-12,,-181.61,31312.4
,MCDONALD'S,2025-03-12,,-115.63,31196.77
,ZELLE,2025-03-13,,-88.04,31108.73
,INTERNET BILL,2025-03-13,,-106.92,31001.81
,TRANSFER IN,2025-03-13,,1566.91,32568.72
,LYFT,2025-03-15,,-96.7,32472.02
,SHELL GAS,2025-03-17,,-231.13,32240.89
,REFUND,2025-03-17,,2579.43,34820.32
,PAYROLL,2025-03-17,,741.41,35561.73
,DOORDASH,2025-03-18,,-203.88,35357.85
,DOORDASH,2025-03-18,,-148.68,35209.17
,STARBUCKS,2025-03-19,,-85.76,35123.41
,PAYROLL,2025-03-19,,1384,36507.41
,TARGET,2025-03-20,,-188.82,36318.59
,AMAZON,2025-03-20,,-181.66,36136.93
,GRUBHUB,2025-03-20,,-152.1,35984.83
,GYM MEMBERSHIP,2025-03-20,,-146.59,35838.24
,LYFT,2025-03-20,,-165.9,35672.34
,STARBUCKS,2025-03-21,,-31.51,35640.83
,UBER,2025-03-21,,-95.05,35545.78
,GRUBHUB,2025-03-21,,-145.65,35400.13
,CVS PHARMACY,2025-03-21,,-212.06,35188.07
,CHEVRON,2025-03-22,,-205.51,34982.56
,ELECTRIC BILL,2025-03-22,,-162.46,34820.1
,PAYROLL,2025-03-22,,2822.71,37642.81
,CHASE CREDIT CARD,2025-03-22,,-70.52,37572.29
,CHASE CREDIT CARD,2025-03-22,,-177.16,37395.13
,NETFLIX,2025-03-23,,-88.26,37306.87
,PAYROLL,2025-03-23,,2674.66,39981.53
,TARGET,2025-03-23,,-103.19,39878.34
,PAYROLL,2025-03-23,,2082.93,41961.27
,ZELLE,2025-03-24,,2365.28,44326.55
,GROCERY STORE,2025-03-24,,-107.86,44218.69
,MCDONALD'S,2025-03-25,,-95.66,44123.03
,DOORDASH,2025-03-25,,-195.32,43927.71
,STARBUCKS,2025-03-25,,-25.81,43901.9
,PAYROLL,2025-03-25,,893.52,44795.42
,GRUBHUB,2025-03-26,,-170.12,44625.3
,DOORDASH,2025-03-26,,-167.17,44458.13
,APPLE.COM,2025-03-26,,-113.3,44344.83
,SHELL GAS,2025-03-27,,-189.96,44154.87
,PAYROLL,2025-03-27,,1574.78,45729.65
,MCDONALD'S,2025-03-28,,-171.23,45558.42
,AMAZON,2025-03-29,,-168.45,45389.97
,ZELLE,2025-03-30,,1488.16,46878.13
,CHASE CREDIT CARD,2025-03-31,,-6.88,46871.25
,WENDY'S,2025-04-01,,-56.75,46814.5
,REFUND,2025-04-01,,1138.8,47953.3
,ATM WITHDRAWAL,2025-04-01,,-6.89,47946.41
,TARGET,2025-04-02,,-48.05,47898.36
,CVS PHARMACY,2025-04-02,,-177.4,47720.96
,ELECTRIC BILL,2025-04-02,,-209.17,47511.79
,WENDY'S,2025-04-02,,-22.66,47489.13
,WALMART,2025-04-04,,-15.36,47473.77
,VENMO,2025-04-04,,2802.91,50276.68
,UBER,2025-04-04,,-146.06,50130.62
,WALMART,2025-04-05,,-178.83,49951.79
,NETFLIX,2025-04-05,,-33.22,49918.57
,VENMO,2025-04-06,,1311.92,51230.49
,MCDONALD'S,2025-04-08,,-156.44,51074.05
,STARBUCKS,2025-04-08,,-230.34,50843.71
,PAYROLL,2025-04-08,,2611.21,53454.92
,RENT PAYMENT,2025-04-08,,-149.27,53305.65
,RENT PAYMENT,2025-04-08,,-101.96,53203.69
,RENT PAYMENT,2025-04-09,,-88.18,53115.51
,LYFT,2025-04-09,,-46.19,53069.32
,GROCERY STORE,2025-04-09,,-32.94,53036.38
,SPOTIFY,2025-04-09,,-226.95,52809.43
,ATM WITHDRAWAL,2025-04-09,,-183.21,52626.22
,WENDY'S,2025-04-09,,-204.68,52421.54
,ZELLE,2025-04-10,,-40.88,52380.66
,ATM WITHDRAWAL,2025-04-10,,-152.59,52228.07
,AMAZON,2025-04-11,,-165.6,52062.47
,PAYROLL,2025-04-12,,-194.35,51868.12
,NETFLIX,2025-04-12,,-189.84,51678.28
,CVS PHARMACY,2025-04-12,,-114.98,51563.3
,STARBUCKS,2025-04-12,,-143.3,51420
,WENDY'S,2025-04-12,,-158.01,51261.99
,UBER,2025-04-13,,-158.67,51103.32
,GROCERY STORE,2025-04-13,,-21.73,51081.59
,DOORDASH,2025-04-13,,-79.19,51002.4
,VENMO,2025-04-15,,-18.76,50983.64
,LYFT,2025-04-15,,-81.05,50902.59
,GROCERY STORE,2025-04-16,,-18.94,50883.65
,DOORDASH,2025-04-17,,-23.8,50859.85
,ZELLE,2025-04-18,,-214.55,50645.3
,DOORDASH,2025-04-18,,-129.23,50516.07
,TARGET,2025-04-18,,-140.81,50375.26
,CVS PHARMACY,2025-04-18,,-224.49,50150.77
,DOORDASH,2025-04-19,,-203.4,49947.37
,WATER BILL,2025-04-19,,-83.77,49863.6
,CHEVRON,2025-04-19,,-41.96,49821.64
,REFUND,2025-04-19,,758.75,50580.39
,ZELLE,2025-04-19,,-89.14,50491.25
,DOORDASH,2025-04-19,,-128.61,50362.64
,ATM WITHDRAWAL,2025-04-20,,-65.7,50296.94
,CHEVRON,2025-04-20,,-112.66,50184.28
,CHASE CREDIT CARD,2025-04-20,,-43.89,50140.39
,VENMO,2025-04-20,,-74.31,50066.08
,APPLE.COM,2025-04-20,,-87.9,49978.18
,CVS PHARMACY,2025-04-21,,-198.36,49779.82
,NETFLIX,2025-04-21,,-21.15,49758.67
,ZELLE,2025-04-22,,2195.95,51954.62
,TARGET,2025-04-22,,-182.31,51772.31
,APPLE.COM,2025-04-22,,-227.05,51545.26
,RENT PAYMENT,2025-04-23,,-86.67,51458.59
,LYFT,2025-04-23,,-39.65,51418.94
,TARGET,2025-04-23,,-242.09,51176.85
,DOORDASH,2025-04-23,,-101.03,51075.82
,GYM MEMBERSHIP,2025-04-23,,-234.81,50841.01
,NETFLIX,2025-04-23,,-97.29,50743.72
,AMAZON,2025-04-23,,-204.23,50539.49
,DOORDASH,2025-04-24,,-208.09,50331.4
,ATM WITHDRAWAL,2025-04-24,,-172.93,50158.47
,VENMO,2025-04-25,,-163.28,49995.19
,CHEVRON,2025-04-25,,-93.65,49901.54
,GYM MEMBERSHIP,2025-04-25,,-49.16,49852.38
,CHASE CREDIT CARD,2025-04-26,,-237.18,49615.2
,LYFT,2025-04-26,,-60.5,49554.7
,ZELLE,2025-04-26,,692.91,50247.61
,SHELL GAS,2025-04-27,,-29.78,50217.83
,LYFT,2025-04-27,,-209.6,50008.23
,ELECTRIC BILL,2025-04-27,,-14.25,49993.98
,LYFT,2025-04-28,,-192.75,49801.23
,VENMO,2025-04-28,,1441.8,51243.03
,ZELLE,2025-04-28,,-208.68,51034.35
,GRUBHUB,2025-04-29,,-203.22,50831.13
,DOORDASH,2025-04-29,,-112.23,50718.9
,INTERNET BILL,2025-04-29,,-170.71,50548.19
,AMAZON,2025-04-30,,-113.83,50434.36
,GYM MEMBERSHIP,2025-04-30,,-188.39,50245.97
,LYFT,2025-04-30,,-135.83,50110.14
,CHASE CREDIT CARD,2025-05-01,,-203.11,49907.03
,DOORDASH,2025-05-01,,-209.6,49697.43
,CVS PHARMACY,2025-05-01,,-237.05,49460.38
,CHEVRON,2025-05-02,,-118.11,49342.27
,GRUBHUB,2025-05-02,,-98.56,49243.71
,WALMART,2025-05-02,,-241.74,49001.97
,WALMART,2025-05-03,,-201.31,48800.66
,ZELLE,2025-05-03,,1125.01,49925.67
,CHASE CREDIT CARD,2025-05-03,,-219.16,49706.51
,APPLE.COM,2025-05-03,,-30.13,49676.38
,DOORDASH,2025-05-03,,-213.54,49462.84
,INTERNET BILL,2025-05-04,,-191.96,49270.88
,WATER BILL,2025-05-04,,-226.8,49044.08
,VENMO,2025-05-04,,1593.68,50637.76
,CHASE CREDIT CARD,2025-05-05,,-59.4,50578.36
,TARGET,2025-05-05,,-90.65,50487.71
,VENMO,2025-05-05,,633.14,51120.85
,CHASE CREDIT CARD,2025-05-05,,-62.77,51058.08
,CHASE CREDIT CARD,2025-05-05,,-96.85,50961.23
,ZELLE,2025-05-06,,2827.06,53788.29
,CHASE CREDIT CARD,2025-05-06,,-164.24,53624.05
,UBER,2025-05-06,,-38.71,53585.34
,GRUBHUB,2025-05-06,,-208.29,53377.05
,DOORDASH,2025-05-06,,-39,53338.05
,ATM WITHDRAWAL,2025-05-07,,-114.91,53223.14
,TRANSFER IN,2025-05-07,,698.06,53921.2
,SPOTIFY,2025-05-07,,-209.57,53711.63
,WALMART,2025-05-07,,-183.17,53528.46
,ATM WITHDRAWAL,2025-05-07,,-32.24,53496.22
,AMAZON,2025-05-08,,-78.78,53417.44
,PAYROLL,2025-05-08,,1549.56,54967
,AMAZON,2025-05-08,,-116.99,54850.01
,ZELLE,2025-05-08,,2762.87,57612.88
,RENT PAYMENT,2025-05-08,,-9.03,57603.85
,LYFT,2025-05-08,,-64.27,57539.58
,PAYROLL,2025-05-09,,1573.1,59112.68
,VENMO,2025-05-09,,-63.94,59048.74
,ATM WITHDRAWAL,2025-05-09,,-167.77,58880.97
,PAYROLL,2025-05-10,,2936.64,61817.61
,VENMO,2025-05-10,,1815.15,63632.76
,RENT PAYMENT,2025-05-11,,-247.14,63385.62
,UBER,2025-05-12,,-100.66,63284.96
,DOORDASH,2025-05-13,,-160.74,63124.22
,STARBUCKS,2025-05-13,,-67.14,63057.08
,VENMO,2025-05-14,,2471.3,65528.38
,WATER BILL,2025-05-14,,-184.57,65343.81
,WALMART,2025-05-14,,-194.02,65149.79
,DOORDASH,2025-05-15,,-86.47,65063.32
,VENMO,2025-05-15,,1865.03,66928.35
,AMAZON,2025-05-15,,-47.9,66880.45
,TARGET,2025-05-16,,-118.83,66761.62
,STARBUCKS,2025-05-16,,-159.78,66601.84
,CHASE CREDIT CARD,2025-05-16,,-20.46,66581.38
,WATER BILL,2025-05-16,,-117.13,66464.25
,STARBUCKS,2025-05-16,,-15.73,66448.52
,GYM MEMBERSHIP,2025-05-16,,-15.27,66433.25
,SHELL GAS,2025-05-16,,-131.27,66301.98
,VENMO,2025-05-16,,-138.04,66163.94
,CHEVRON,2025-05-16,,-189.56,65974.38
,PAYROLL,2025-05-16,,-92.46,65881.92
,CHEVRON,2025-05-16,,-217.12,65664.8
,WATER BILL,2025-05-17,,-35.5,65629.3
,ELECTRIC BILL,2025-05-17,,-222.92,65406.38
,CVS PHARMACY,2025-05-17,,-224.19,65182.19
,CHASE CREDIT CARD,2025-05-18,,-243.56,64938.63
,SHELL GAS,2025-05-18,,-126.89,64811.74
,APPLE.COM,2025-05-19,,-132.22,64679.52
,SPOTIFY,2025-05-19,,-183.13,64496.39
,VENMO,2025-05-19,,2006.13,66502.52
,STARBUCKS,2025-05-20,,-138.64,66363.88
,WALMART,2025-05-20,,-24.62,66339.26
,INTERNET BILL,2025-05-20,,-80.09,66259.17
,WENDY'S,2025-05-21,,-109.4,66149.77
,DOORDASH,2025-05-21,,-91.13,66058.64
,REFUND,2025-05-21,,2675.09,68733.73
,GROCERY STORE,2025-05-22,,-249.55,68484.18
,APPLE.COM,2025-05-22,,-245.11,68239.07
,WALMART,2025-05-22,,-23.39,68215.68
,WATER BILL,2025-05-22,,-94.01,68121.67
,ZELLE,2025-05-23,,-171.46,67950.21
,WATER BILL,2025-05-23,,-39.98,67910.23
,RENT PAYMENT,2025-05-23,,-196.42,67713.81
,VENMO,2025-05-23,,668.08,68381.89
,LYFT,2025-05-23,,-94.75,68287.14
,ELECTRIC BILL,2025-05-23,,-143.97,68143.17
,CHASE CREDIT CARD,2025-05-23,,-171.37,67971.8
,GRUBHUB,2025-05-23,,-96.14,67875.66
,WALMART,2025-05-23,,-145.61,67730.05
,CVS PHARMACY,2025-05-24,,-102.52,67627.53
,SPOTIFY,2025-05-25,,-66.15,67561.38
,VENMO,2025-05-25,,2339.19,69900.57
,STARBUCKS,2025-05-25,,-99.81,69800.76
,WALMART,2025-05-26,,-69.14,69731.62
,INTERNET BILL,2025-05-26,,-114.34,69617.28
,TARGET,2025-05-26,,-74.97,69542.31
,WATER BILL,2025-05-27,,-125.34,69416.97
,TRANSFER IN,2025-05-27,,2632.07,72049.04
,CVS PHARMACY,2025-05-27,,-225.18,71823.86
,GYM MEMBERSHIP,2025-05-28,,-26.51,71797.35
,CHASE CREDIT CARD,2025-05-29,,-212.15,71585.2
,AMAZON,2025-05-30,,-90.12,71495.08
,ZELLE,2025-05-30,,1855.43,73350.51
,RENT PAYMENT,2025-05-31,,-213.58,73136.93
,APPLE.COM,2025-05-31,,-232.19,72904.74
,DOORDASH,2025-05-31,,-199.46,72705.28
,RENT PAYMENT,2025-06-01,,-34.73,72670.55
,LYFT,2025-06-01,,-39.02,72631.53
,GROCERY STORE,2025-06-01,,-11.44,72620.09
,CHASE CREDIT CARD,2025-06-02,,-95.38,72524.71
,SHELL GAS,2025-06-02,,-140.15,72384.56
,ATM WITHDRAWAL,2025-06-02,,-26.12,72358.44
,STARBUCKS,2025-06-03,,-249.9,72108.54
,APPLE.COM,2025-06-03,,-133.8,71974.74
,INTERNET BILL,2025-06-03,,-206.72,71768.02
,PAYROLL,2025-06-04,,2930.95,74698.97
,LYFT,2025-06-04,,-115.24,74583.73
,CHEVRON,2025-06-04,,-89.41,74494.32
,APPLE.COM,2025-06-04,,-196.16,74298.16
,WALMART,2025-06-05,,-49.58,74248.58
,GROCERY STORE,2025-06-05,,-110.99,74137.59
,PAYROLL,2025-06-06,,-18.58,74119.01
,VENMO,2025-06-06,,882.54,75001.55
,MCDONALD'S,2025-06-06,,-84.05,74917.5
,TARGET,2025-06-06,,-89.78,74827.72
,NETFLIX,2025-06-07,,-224.26,74603.46
,UBER,2025-06-07,,-66.4,74537.06
,LYFT,2025-06-08,,-139.96,74397.1
,PAYROLL,2025-06-08,,1257.06,75654.16
,CHEVRON,2025-06-09,,-128.13,75526.03
,NETFLIX,2025-06-09,,-235.69,75290.34
,DOORDASH,2025-06-09,,-166.39,75123.95
,SHELL GAS,2025-06-10,,-153.26,74970.69
,INTERNET BILL,2025-06-10,,-143.09,74827.6
,TARGET,2025-06-10,,-11.95,74815.65
,PAYROLL,2025-06-10,,2103.63,76919.28
,CVS PHARMACY,2025-06-11,,-164.53,76754.75
,MCDONALD'S,2025-06-11,,-107.06,76647.69
,INTERNET BILL,2025-06-11,,-127.02,76520.67
,WENDY'S,2025-06-11,,-75.97,76444.7
,WALMART,2025-06-11,,-123.32,76321.38
,WENDY'S,2025-06-12,,-172.82,76148.56
,ATM WITHDRAWAL,2025-06-13,,-22.88,76125.68
,REFUND,2025-06-14,,1599.01,77724.69
,CHEVRON,2025-06-15,,-54.99,77669.7
,ZELLE,2025-06-15,,-81.58,77588.12
,CVS PHARMACY,2025-06-16,,-184.88,77403.24
,SHELL GAS,2025-06-16,,-243.97,77159.27
,REFUND,2025-06-17,,1426.35,78585.62
,DOORDASH,2025-06-17,,-83.18,78502.44
,CHASE CREDIT CARD,2025-06-17,,-70.53,78431.91
,GROCERY STORE,2025-06-18,,-28.72,78403.19
,GYM MEMBERSHIP,2025-06-19,,-99.12,78304.07
,ELECTRIC BILL,2025-06-19,,-65.83,78238.24
,LYFT,2025-06-19,,-44.13,78194.11
,WALMART,2025-06-19,,-146.53,78047.58
,MCDONALD'S,2025-06-19,,-191.96,77855.62
,PAYROLL,2025-06-20,,-131.11,77724.51
,DOORDASH,2025-06-20,,-80.59,77643.92
,PAYROLL,2025-06-21,,2863.08,80507
,SPOTIFY,2025-06-21,,-241.84,80265.16
,TARGET,2025-06-22,,-91.46,80173.7
,VENMO,2025-06-22,,1737.24,81910.94
,NETFLIX,2025-06-22,,-165.29,81745.65
,SHELL GAS,2025-06-22,,-136.49,81609.16
,PAYROLL,2025-06-23,,-110.58,81498.58
,APPLE.COM,2025-06-23,,-183.24,81315.34
,WALMART,2025-06-24,,-94.65,81220.69
,CVS PHARMACY,2025-06-24,,-144.72,81075.97
,WALMART,2025-06-24,,-140.54,80935.43
,PAYROLL,2025-06-24,,1760.64,82696.07
,ZELLE,2025-06-24,,-73.53,82622.54
,PAYROLL,2025-06-25,,-171.7,82450.84
,VENMO,2025-06-26,,2937.71,85388.55
,RENT PAYMENT,2025-06-26,,-199.75,85188.8
,RENT PAYMENT,2025-06-26,,-235.04,84953.76
,ATM WITHDRAWAL,2025-06-27,,-53.77,84899.99
,WATER BILL,2025-06-28,,-127.52,84772.47
,PAYROLL,2025-06-29,,842.59,85615.06
,WENDY'S,2025-06-29,,-121.07,85493.99
,GROCERY STORE,2025-06-29,,-153.53,85340.46
,WALMART,2025-06-30,,-85.35,85255.11
,RENT PAYMENT,2025-06-30,,-44.81,85210.3
,WENDY'S,2025-07-01,,-186.13,85024.17
,WALMART,2025-07-01,,-87.41,84936.76
,AMAZON,2025-07-01,,-135.42,84801.34
,SHELL GAS,2025-07-01,,-78.45,84722.89
,APPLE.COM,2025-07-03,,-95.25,84627.64
,UBER,2025-07-03,,-245.08,84382.56
,UBER,2025-07-04,,-200.2,84182.36
,WENDY'S,2025-07-05,,-173.57,84008.79
,TRANSFER IN,2025-07-05,,1686.48,85695.27
,INTERNET BILL,2025-07-05,,-196.81,85498.46
,INTERNET BILL,2025-07-05,,-146.52,85351.94
,ZELLE,2025-07-06,,-147.96,85203.98
,NETFLIX,2025-07-06,,-159.11,85044.87
,ELECTRIC BILL,2025-07-06,,-211.09,84833.78
,VENMO,2025-07-08,,2201.82,87035.6
,VENMO,2025-07-08,,2870.51,89906.11
,ZELLE,2025-07-09,,547.34,90453.45
,SHELL GAS,2025-07-09,,-42.1,90411.35
,AMAZON,2025-07-09,,-105.54,90305.81
,CVS PHARMACY,2025-07-09,,-230.53,90075.28
,CHASE CREDIT CARD,2025-07-11,,-185.28,89890
,TRANSFER IN,2025-07-11,,845.21,90735.21
,GRUBHUB,2025-07-12,,-84.64,90650.57
,ATM WITHDRAWAL,2025-07-13,,-133.74,90516.83
,STARBUCKS,2025-07-14,,-47.43,90469.4
,AMAZON,2025-07-14,,-88.87,90380.53
,CHEVRON,2025-07-14,,-194.14,90186.39
,TARGET,2025-07-14,,-162.61,90023.78
,WENDY'S,2025-07-14,,-154.47,89869.31
,PAYROLL,2025-07-14,,-65.4,89803.91
,SPOTIFY,2025-07-14,,-60.09,89743.82
,GRUBHUB,2025-07-14,,-77.92,89665.9
,ELECTRIC BILL,2025-07-14,,-55.78,89610.12
,GROCERY STORE,2025-07-14,,-82.67,89527.45
,RENT PAYMENT,2025-07-15,,-233.76,89293.69
,ATM WITHDRAWAL,2025-07-15,,-72,89221.69
,ZELLE,2025-07-16,,2191.56,91413.25
,SHELL GAS,2025-07-16,,-245.14,91168.11
,TARGET,2025-07-17,,-238.88,90929.23
,UBER,2025-07-17,,-76.16,90853.07
,WALMART,2025-07-19,,-179.96,90673.11
,GROCERY STORE,2025-07-19,,-113.38,90559.73
,SPOTIFY,2025-07-19,,-122.37,90437.36
,PAYROLL,2025-07-19,,-136.95,90300.41
,ATM WITHDRAWAL,2025-07-21,,-175.56,90124.85
,PAYROLL,2025-07-22,,2039.19,92164.04
,SPOTIFY,2025-07-22,,-64.4,92099.64
,DOORDASH,2025-07-23,,-135.11,91964.53
,CVS PHARMACY,2025-07-24,,-17.86,91946.67
,ATM WITHDRAWAL,2025-07-24,,-180.75,91765.92
,REFUND,2025-07-24,,2426.92,94192.84
,VENMO,2025-07-24,,1875.88,96068.72
,PAYROLL,2025-07-24,,-104.69,95964.03
,GROCERY STORE,2025-07-25,,-220.21,95743.82
,ZELLE,2025-07-25,,-53.87,95689.95
,CVS PHARMACY,2025-07-25,,-83.69,95606.26
,WALMART,2025-07-26,,-227.44,95378.82
,VENMO,2025-07-26,,1935.33,97314.15
,CVS PHARMACY,2025-07-26,,-182.16,97131.99
,CHEVRON,2025-07-27,,-228.74,96903.25
,WALMART,2025-07-27,,-221.15,96682.1
,MCDONALD'S,2025-07-27,,-230.31,96451.79
,AMAZON,2025-07-28,,-102.26,96349.53
,NETFLIX,2025-07-28,,-234.47,96115.06
,MCDONALD'S,2025-07-28,,-231.88,95883.18
,MCDONALD'S,2025-07-28,,-7.27,95875.91
,NETFLIX,2025-07-28,,-31.29,95844.62
,LYFT,2025-07-29,,-74.72,95769.9
,GRUBHUB,2025-07-29,,-138.11,95631.79
,NETFLIX,2025-07-30,,-234.95,95396.84
,CHASE CREDIT CARD,2025-07-30,,-119.67,95277.17
,AMAZON,2025-07-31,,-32.6,95244.57
,STARBUCKS,2025-08-01,,-117.43,95127.14
,GYM MEMBERSHIP,2025-08-01,,-50.62,95076.52
,WATER BILL,2025-08-01,,-198.74,94877.78
,ELECTRIC BILL,2025-08-02,,-190.53,94687.25
,SHELL GAS,2025-08-03,,-214.76,94472.49
,PAYROLL,2025-08-03,,-207.61,94264.88
,ELECTRIC BILL,2025-08-03,,-26.25,94238.63
,CHEVRON,2025-08-04,,-50.27,94188.36
,TRANSFER IN,2025-08-04,,1309,95497.36
,WENDY'S,2025-08-04,,-68.89,95428.47
,GYM MEMBERSHIP,2025-08-04,,-189.67,95238.8
,CHASE CREDIT CARD,2025-08-05,,-78.98,95159.82
,LYFT,2025-08-05,,-7.8,95152.02
,ZELLE,2025-08-05,,-174.73,94977.29
,PAYROLL,2025-08-05,,795.56,95772.85
,GRUBHUB,2025-08-05,,-104.33,95668.52
,CVS PHARMACY,2025-08-05,,-224.3,95444.22
,GRUBHUB,2025-08-05,,-81.19,95363.03
,TRANSFER IN,2025-08-05,,2790.33,98153.36
,WENDY'S,2025-08-06,,-155.58,97997.78
,ZELLE,2025-08-06,,-37.72,97960.06
,ELECTRIC BILL,2025-08-06,,-188.2,97771.86
,ATM WITHDRAWAL,2025-08-07,,-106.88,97664.98
,CHASE CREDIT CARD,2025-08-07,,-120.35,97544.63
,LYFT,2025-08-08,,-167.7,97376.93
,ATM WITHDRAWAL,2025-08-08,,-65.63,97311.3
,SPOTIFY,2025-08-08,,-218.92,97092.38
,PAYROLL,2025-08-08,,1616.87,98709.25
,CVS PHARMACY,2025-08-09,,-24.14,98685.11
,WATER BILL,2025-08-09,,-20.13,98664.98
,AMAZON,2025-08-09,,-128.84,98536.14
,VENMO,2025-08-09,,-41.71,98494.43
,CHASE CREDIT CARD,2025-08-10,,-132.48,98361.95
,TRANSFER IN,2025-08-11,,1013.5,99375.45
,DOORDASH,2025-08-11,,-27.28,99348.17
,CHASE CREDIT CARD,2025-08-11,,-203.13,99145.04
,ELECTRIC BILL,2025-08-12,,-130.75,99014.29
,RENT PAYMENT,2025-08-12,,-19.15,98995.14
,STARBUCKS,2025-08-12,,-202.69,98792.45
,SHELL GAS,2025-08-12,,-102.01,98690.44
,GYM MEMBERSHIP,2025-08-13,,-187.72,98502.72
,MCDONALD'S,2025-08-13,,-16.1,98486.62
,WALMART,2025-08-14,,-20.62,98466
,WALMART,2025-08-14,,-233.97,98232.03
,ZELLE,2025-08-15,,2834.44,101066.47
,ZELLE,2025-08-15,,1522.17,102588.64
,STARBUCKS,2025-08-15,,-192.63,102396.01
,AMAZON,2025-08-15,,-163.24,102232.77
,WENDY'S,2025-08-15,,-248.25,101984.52
,PAYROLL,2025-08-15,,-218.06,101766.46
,ELECTRIC BILL,2025-08-17,,-97.03,101669.43
,WENDY'S,2025-08-18,,-167.14,101502.29
,UBER,2025-08-18,,-165.12,101337.17
,GRUBHUB,2025-08-18,,-48.73,101288.44
,GROCERY STORE,2025-08-19,,-134.57,101153.87
,STARBUCKS,2025-08-19,,-59.56,101094.31
,TRANSFER IN,2025-08-19,,556.84,101651.15
,NETFLIX,2025-08-19,,-170.01,101481.14
,APPLE.COM,2025-08-20,,-135.32,101345.82
,INTERNET BILL,2025-08-21,,-65.64,101280.18
,DOORDASH,2025-08-21,,-72.53,101207.65
,PAYROLL,2025-08-21,,-182.63,101025.02
,PAYROLL,2025-08-21,,2523.7,103548.72
,CVS PHARMACY,2025-08-21,,-192.68,103356.04
,ZELLE,2025-08-21,,-8.83,103347.21
,CVS PHARMACY,2025-08-22,,-29.72,103317.49
,TRANSFER IN,2025-08-22,,1994.46,105311.95
,APPLE.COM,2025-08-23,,-16.93,105295.02
,NETFLIX,2025-08-23,,-103.56,105191.46
,VENMO,2025-08-23,,-58.23,105133.23
,MCDONALD'S,2025-08-24,,-18.83,105114.4
,TARGET,2025-08-24,,-75.87,105038.53
,DOORDASH,2025-08-24,,-184.22,104854.31
,WATER BILL,2025-08-25,,-151.49,104702.82
,RENT PAYMENT,2025-08-25,,-83.56,104619.26
,CHASE CREDIT CARD,2025-08-25,,-40.1,104579.16
,VENMO,2025-08-26,,-59.16,104520
,DOORDASH,2025-08-26,,-19.93,104500.07
,WENDY'S,2025-08-26,,-220.53,104279.54
,SHELL GAS,2025-08-27,,-158.37,104121.17
,WENDY'S,2025-08-27,,-126.43,103994.74
,STARBUCKS,2025-08-27,,-235.69,103759.05
,STARBUCKS,2025-08-27,,-197.52,103561.53
,CHASE CREDIT CARD,2025-08-28,,-107,103454.53
,TRANSFER IN,2025-08-28,,1441.15,104895.68
,CHASE CREDIT CARD,2025-08-28,,-121.01,104774.67
,GYM MEMBERSHIP,2025-08-29,,-78.68,104695.99
,SHELL GAS,2025-08-29,,-202.42,104493.57
,SHELL GAS,2025-08-29,,-142.78,104350.79
,CHASE CREDIT CARD,2025-08-29,,-141.54,104209.25
,PAYROLL,2025-08-31,,1107.15,105316.4
,DOORDASH,2025-08-31,,-163.44,105152.96
,SPOTIFY,2025-08-31,,-212.55,104940.41
,TRANSFER IN,2025-08-31,,2311.46,107251.87
,CHEVRON,2025-08-31,,-70.77,107181.1
,WENDY'S,2025-09-01,,-152.72,107028.38
,NETFLIX,2025-09-01,,-51.1,106977.28
,CVS PHARMACY,2025-09-01,,-182.45,106794.83
,GROCERY STORE,2025-09-01,,-122.45,106672.38
,ATM WITHDRAWAL,2025-09-02,,-86.58,106585.8
,CHASE CREDIT CARD,2025-09-02,,-8.76,106577.04
,RENT PAYMENT,2025-09-02,,-240.71,106336.33
,REFUND,2025-09-03,,2998.93,109335.26
,AMAZON,2025-09-04,,-64.44,109270.82
,WALMART,2025-09-05,,-55.11,109215.71
,NETFLIX,2025-09-05,,-140.26,109075.45
,CVS PHARMACY,2025-09-06,,-98.26,108977.19
,STARBUCKS,2025-09-06,,-93.02,108884.17
,RENT PAYMENT,2025-09-06,,-130.64,108753.53
,RENT PAYMENT,2025-09-06,,-29.16,108724.37
,ELECTRIC BILL,2025-09-06,,-120.03,108604.34
,WATER BILL,2025-09-07,,-229.01,108375.33
,CVS PHARMACY,2025-09-07,,-106.41,108268.92
,AMAZON,2025-09-07,,-59.21,108209.71
,REFUND,2025-09-08,,1151.94,109361.65
,APPLE.COM,2025-09-08,,-146.89,109214.76
,WATER BILL,2025-09-08,,-42.34,109172.42
,LYFT,2025-09-08,,-98.06,109074.36
,AMAZON,2025-09-09,,-127.33,108947.03
,INTERNET BILL,2025-09-09,,-172.79,108774.24
,ATM WITHDRAWAL,2025-09-09,,-206.29,108567.95
,NETFLIX,2025-09-10,,-162.22,108405.73
,CHEVRON,2025-09-11,,-46.22,108359.51
,TARGET,2025-09-11,,-46.47,108313.04
,APPLE.COM,2025-09-13,,-124.64,108188.4
,GRUBHUB,2025-09-14,,-137.82,108050.58
,DOORDASH,2025-09-15,,-19.39,108031.19
,VENMO,2025-09-16,,2616.74,110647.93
,SPOTIFY,2025-09-16,,-168.71,110479.22
,NETFLIX,2025-09-16,,-106.04,110373.18
,GRUBHUB,2025-09-17,,-61.7,110311.48
,ATM WITHDRAWAL,2025-09-17,,-7.24,110304.24
,WATER BILL,2025-09-17,,-96.43,110207.81
,ELECTRIC BILL,2025-09-17,,-168.35,110039.46
,SHELL GAS,2025-09-17,,-123.39,109916.07
,LYFT,2025-09-18,,-6.62,109909.45
,STARBUCKS,2025-09-18,,-7.9,109901.55
,SPOTIFY,2025-09-18,,-72.31,109829.24
,INTERNET BILL,2025-09-19,,-9.2,109820.04
,MCDONALD'S,2025-09-19,,-170.14,109649.9
,GYM MEMBERSHIP,2025-09-21,,-227.89,109422.01
,VENMO,2025-09-21,,740.78,110162.79
,VENMO,2025-09-22,,979.83,111142.62
,INTERNET BILL,2025-09-22,,-204.73,110937.89
,WENDY'S,2025-09-23,,-102.24,110835.65
,RENT PAYMENT,2025-09-24,,-104.48,110731.17
,GROCERY STORE,2025-09-24,,-247.61,110483.56
,PAYROLL,2025-09-25,,-172.59,110310.97
,UBER,2025-09-25,,-165.17,110145.8
,MCDONALD'S,2025-09-25,,-191.1,109954.7
,ZELLE,2025-09-26,,1448.16,111402.86
,GRUBHUB,2025-09-28,,-18.75,111384.11
,REFUND,2025-09-28,,928.46,112312.57
,INTERNET BILL,2025-09-28,,-111.31,112201.26
,ATM WITHDRAWAL,2025-09-29,,-143.63,112057.63
,GYM MEMBERSHIP,2025-09-29,,-28.36,112029.27
,VENMO,2025-09-29,,-15.43,112013.84
,CHEVRON,2025-09-29,,-217.69,111796.15
,GRUBHUB,2025-09-30,,-121.5,111674.65
,PAYROLL,2025-09-30,,685.87,112360.52
,VENMO,2025-10-01,,-225.33,112135.19
,DOORDASH,2025-10-01,,-13.06,112122.13
,WALMART,2025-10-01,,-82.05,112040.08
,PAYROLL,2025-10-02,,-148.82,111891.26
,SPOTIFY,2025-10-02,,-179.61,111711.65
,WATER BILL,2025-10-02,,-23.85,111687.8
,VENMO,2025-10-02,,-63.92,111623.88
,CVS PHARMACY,2025-10-02,,-100.34,111523.54
,STARBUCKS,2025-10-03,,-86.27,111437.27
,GYM MEMBERSHIP,2025-10-03,,-39.29,111397.98
,VENMO,2025-10-03,,-182.42,111215.56
,CHASE CREDIT CARD,2025-10-03,,-243.71,110971.85
,PAYROLL,2025-10-03,,1592.72,112564.57
,WALMART,2025-10-04,,-88.45,112476.12
,UBER,2025-10-04,,-238.94,112237.18
,GRUBHUB,2025-10-04,,-194.52,112042.66
,ZELLE,2025-10-04,,1183.32,113225.98
,GRUBHUB,2025-10-04,,-125.2,113100.78
,AMAZON,2025-10-04,,-235.58,112865.2
,LYFT,2025-10-05,,-171.53,112693.67
,AMAZON,2025-10-05,,-26,112667.67
,MCDONALD'S,2025-10-06,,-200.52,112467.15
,AMAZON,2025-10-07,,-25.1,112442.05
,CHEVRON,2025-10-07,,-179.36,112262.69
,WATER BILL,2025-10-07,,-186.22,112076.47
,UBER,2025-10-07,,-31.1,112045.37
,VENMO,2025-10-08,,1270.67,113316.04
,CHEVRON,2025-10-08,,-71.09,113244.95
,REFUND,2025-10-09,,968.48,114213.43
,VENMO,2025-10-09,,-140.91,114072.52
,CVS PHARMACY,2025-10-09,,-11.43,114061.09
,GROCERY STORE,2025-10-10,,-27.8,114033.29
,SHELL GAS,2025-10-10,,-84.49,113948.8
,ELECTRIC BILL,2025-10-10,,-76.5,113872.3
,TARGET,2025-10-10,,-25.75,113846.55
,LYFT,2025-10-11,,-226.78,113619.77
,CHEVRON,2025-10-11,,-145.13,113474.64
,ATM WITHDRAWAL,2025-10-11,,-98.28,113376.36
,TRANSFER IN,2025-10-11,,1252.83,114629.19
,MCDONALD'S,2025-10-11,,-20.5,114608.69
,WALMART,2025-10-11,,-108.17,114500.52
,ATM WITHDRAWAL,2025-10-11,,-23.85,114476.67
,CHASE CREDIT CARD,2025-10-12,,-65.41,114411.26
,ZELLE,2025-10-12,,-150.48,114260.78
,CHEVRON,2025-10-12,,-31.21,114229.57
,CHEVRON,2025-10-13,,-237.46,113992.11
,WALMART,2025-10-13,,-156.95,113835.16
,GRUBHUB,2025-10-13,,-85.74,113749.42
,NETFLIX,2025-10-14,,-204.79,113544.63
,INTERNET BILL,2025-10-14,,-243.69,113300.94
,PAYROLL,2025-10-15,,1301.66,114602.6
,SPOTIFY,2025-10-15,,-54.21,114548.39
,TARGET,2025-10-15,,-241.32,114307.07
,CVS PHARMACY,2025-10-16,,-76.4,114230.67
,AMAZON,2025-10-16,,-125.3,114105.37
,WALMART,2025-10-16,,-64.39,114040.98
,CHASE CREDIT CARD,2025-10-16,,-205.04,113835.94
,GYM MEMBERSHIP,2025-10-17,,-32.9,113803.04
,UBER,2025-10-17,,-150.1,113652.94
,LYFT,2025-10-18,,-172.02,113480.92
,GROCERY STORE,2025-10-18,,-238.49,113242.43
,LYFT,2025-10-19,,-178.55,113063.88
,ELECTRIC BILL,2025-10-19,,-76.38,112987.5
,UBER,2025-10-19,,-205.65,112781.85
,NETFLIX,2025-10-19,,-105.24,112676.61
,GROCERY STORE,2025-10-20,,-160.17,112516.44
,WENDY'S,2025-10-21,,-166.37,112350.07
,VENMO,2025-10-22,,-198.32,112151.75
,PAYROLL,2025-10-22,,2976.75,115128.5
,GYM MEMBERSHIP,2025-10-22,,-103.2,115025.3
,GYM MEMBERSHIP,2025-10-23,,-230.5,114794.8
,ELECTRIC BILL,2025-10-23,,-138.19,114656.61
,TARGET,2025-10-23,,-93.08,114563.53
,ATM WITHDRAWAL,2025-10-23,,-136.54,114426.99
,STARBUCKS,2025-10-24,,-25.82,114401.17
,GROCERY STORE,2025-10-24,,-166.11,114235.06
,WALMART,2025-10-24,,-163.51,114071.55
,TRANSFER IN,2025-10-24,,2959.02,117030.57
,DOORDASH,2025-10-25,,-102.91,116927.66
,TARGET,2025-10-25,,-241.6,116686.06
,LYFT,2025-10-26,,-7.58,116678.48
,NETFLIX,2025-10-26,,-130.12,116548.36
,RENT PAYMENT,2025-10-26,,-147.23,116401.13
,DOORDASH,2025-10-27,,-114.22,116286.91
,SPOTIFY,2025-10-27,,-194.22,116092.69
,WATER BILL,2025-10-27,,-127.61,115965.08
,WATER BILL,2025-10-29,,-11.02,115954.06
,VENMO,2025-10-29,,1539.94,117494
,WENDY'S,2025-10-29,,-33.44,117460.56
,CVS PHARMACY,2025-10-29,,-39.71,117420.85
,CHEVRON,2025-10-29,,-116.56,117304.29
,MCDONALD'S,2025-10-29,,-123.32,117180.97
,NETFLIX,2025-10-30,,-112.35,117068.62
,UBER,2025-10-31,,-83.13,116985.49
,MCDONALD'S,2025-10-31,,-203.5,116781.99
,VENMO,2025-10-31,,2622.95,119404.94
,ELECTRIC BILL,2025-11-01,,-170.9,119234.04
,VENMO,2025-11-01,,-246.06,118987.98
,GRUBHUB,2025-11-01,,-47.74,118940.24
,RENT PAYMENT,2025-11-01,,-142.16,118798.08
,CVS PHARMACY,2025-11-02,,-61.8,118736.28
,CHASE CREDIT CARD,2025-11-02,,-50.19,118686.09
,SHELL GAS,2025-11-02,,-110.87,118575.22
,PAYROLL,2025-11-02,,2035.27,120610.49
,VENMO,2025-11-02,,-150.09,120460.4
,ELECTRIC BILL,2025-11-02,,-177.66,120282.74
,GRUBHUB,2025-11-03,,-189.32,120093.42
,GRUBHUB,2025-11-04,,-20.33,120073.09
,VENMO,2025-11-05,,2679.95,122753.04
,ZELLE,2025-11-05,,-84.87,122668.17
,GROCERY STORE,2025-11-06,,-69.28,122598.89
,RENT PAYMENT,2025-11-06,,-134.29,122464.6
,RENT PAYMENT,2025-11-07,,-151.26,122313.34
,SPOTIFY,2025-11-07,,-148.82,122164.52
,SPOTIFY,2025-11-07,,-212.15,121952.37
,ELECTRIC BILL,2025-11-07,,-204.37,121748
,SHELL GAS,2025-11-07,,-77.87,121670.13
,ATM WITHDRAWAL,2025-11-07,,-25.76,121644.37
,PAYROLL,2025-11-08,,794.65,122439.02
,APPLE.COM,2025-11-08,,-49.85,122389.17
,NETFLIX,2025-11-09,,-130.15,122259.02
,GROCERY STORE,2025-11-09,,-38.78,122220.24
,APPLE.COM,2025-11-09,,-50.51,122169.73
,NETFLIX,2025-11-10,,-174.89,121994.84
,NETFLIX,2025-11-10,,-249.98,121744.86
,GROCERY STORE,2025-11-12,,-124.96,121619.9
,VENMO,2025-11-12,,1286.45,122906.35
,UBER,2025-11-13,,-18.13,122888.22
,STARBUCKS,2025-11-13,,-7.35,122880.87
,TRANSFER IN,2025-11-14,,2538.04,125418.91
,GYM MEMBERSHIP,2025-11-14,,-128.83,125290.08
,LYFT,2025-11-14,,-172.75,125117.33
,AMAZON,2025-11-14,,-210.77,124906.56
,DOORDASH,2025-11-15,,-25.25,124881.31
,TRANSFER IN,2025-11-15,,2402.64,127283.95
,CVS PHARMACY,2025-11-15,,-72.34,127211.61
,ELECTRIC BILL,2025-11-16,,-46.21,127165.4
,APPLE.COM,2025-11-17,,-186.92,126978.48
,ELECTRIC BILL,2025-11-17,,-139.68,126838.8
,ZELLE,2025-11-17,,785.52,127624.32
,INTERNET BILL,2025-11-17,,-206.7,127417.62
,TARGET,2025-11-18,,-206.54,127211.08
,REFUND,2025-11-18,,2297.45,129508.53
,SPOTIFY,2025-11-18,,-247.5,129261.03
,VENMO,2025-11-19,,2575.18,131836.21
,WENDY'S,2025-11-19,,-77.94,131758.27
,CVS PHARMACY,2025-11-20,,-115.18,131643.09
,CVS PHARMACY,2025-11-21,,-205.1,131437.99
,INTERNET BILL,2025-11-21,,-248.52,131189.47
,AMAZON,2025-11-21,,-63.05,131126.42
,CHASE CREDIT CARD,2025-11-22,,-149.04,130977.38
,WATER BILL,2025-11-22,,-179.13,130798.25
,CHASE CREDIT CARD,2025-11-22,,-45.67,130752.58
,ZELLE,2025-11-23,,1016.55,131769.13
,APPLE.COM,2025-11-23,,-19.54,131749.59
,INTERNET BILL,2025-11-23,,-73.87,131675.72
,WATER BILL,2025-11-24,,-84.3,131591.42
,LYFT,2025-11-24,,-75.89,131515.53
,ELECTRIC BILL,2025-11-24,,-215.21,131300.32
,ZELLE,2025-11-25,,-171.43,131128.89
,REFUND,2025-11-25,,2906.93,134035.82
,ELECTRIC BILL,2025-11-26,,-230.1,133805.72
,CHEVRON,2025-11-26,,-217.43,133588.29
,TRANSFER IN,2025-11-27,,2665.2,136253.49
,SPOTIFY,2025-11-27,,-179.29,136074.2
,WALMART,2025-11-27,,-191.56,135882.64
,GRUBHUB,2025-11-28,,-124.92,135757.72
,ELECTRIC BILL,2025-11-28,,-70.84,135686.88
,ZELLE,2025-11-29,,-115.74,135571.14
,WALMART,2025-11-29,,-220.63,135350.51
,VENMO,2025-11-29,,1789.03,137139.54
,SHELL GAS,2025-11-30,,-234.4,136905.14
,ATM WITHDRAWAL,2025-11-30,,-237.81,136667.33
,STARBUCKS,2025-11-30,,-5.61,136661.72
,INTERNET BILL,2025-12-01,,-184.52,136477.2
,NETFLIX,2025-12-01,,-117.32,136359.88
,INTERNET BILL,2025-12-02,,-92.76,136267.12
,TRANSFER IN,2025-12-02,,1836.06,138103.18
,GYM MEMBERSHIP,2025-12-02,,-110.26,137992.92
,WALMART,2025-12-03,,-70.79,137922.13
,ELECTRIC BILL,2025-12-04,,-87.75,137834.38
,APPLE.COM,2025-12-04,,-143.7,137690.68
,GROCERY STORE,2025-12-04,,-89.22,137601.46
,PAYROLL,2025-12-04,,-16.86,137584.6
,ZELLE,2025-12-05,,2459.72,140044.32
,CHEVRON,2025-12-05,,-35.44,140008.88
,LYFT,2025-12-05,,-113.12,139895.76
,VENMO,2025-12-05,,2895.08,142790.84
,WENDY'S,2025-12-05,,-173.71,142617.13
,VENMO,2025-12-06,,2124.99,144742.12
,CHEVRON,2025-12-06,,-233.52,144508.6
,NETFLIX,2025-12-06,,-165.37,144343.23
,CHASE CREDIT CARD,2025-12-06,,-96.1,144247.13
,SPOTIFY,2025-12-06,,-45.55,144201.58
,MCDONALD'S,2025-12-07,,-79.85,144121.73
,SHELL GAS,2025-12-07,,-62.37,144059.36
,ATM WITHDRAWAL,2025-12-08,,-177.41,143881.95
,PAYROLL,2025-12-08,,1692.02,145573.97
,TRANSFER IN,2025-12-08,,1065.48,146639.45
,CHASE CREDIT CARD,2025-12-08,,-7.28,146632.17
,RENT PAYMENT,2025-12-09,,-205.19,146426.98
,PAYROLL,2025-12-09,,-108.47,146318.51
,REFUND,2025-12-09,,677.07,146995.58
,UBER,2025-12-09,,-184.04,146811.54
,TRANSFER IN,2025-12-09,,1283.38,148094.92
,SHELL GAS,2025-12-09,,-38.6,148056.32
,ELECTRIC BILL,2025-12-10,,-189.52,147866.8
,REFUND,2025-12-10,,2982.35,150849.15
,TRANSFER IN,2025-12-10,,1826.27,152675.42
,VENMO,2025-12-10,,2125.05,154800.47
,WENDY'S,2025-12-11,,-182,154618.47
,AMAZON,2025-12-11,,-42.09,154576.38
,STARBUCKS,2025-12-12,,-173.21,154403.17
,STARBUCKS,2025-12-12,,-26.24,154376.93
,ZELLE,2025-12-13,,2381.11,156758.04
,APPLE.COM,2025-12-13,,-99.09,156658.95
,WENDY'S,2025-12-13,,-82.05,156576.9
,TRANSFER IN,2025-12-14,,1192.42,157769.32
,REFUND,2025-12-14,,1883.49,159652.81
,STARBUCKS,2025-12-15,,-153.86,159498.95
,APPLE.COM,2025-12-15,,-174.17,159324.78
,WATER BILL,2025-12-16,,-166.31,159158.47
,WALMART,2025-12-16,,-131.85,159026.62
,GYM MEMBERSHIP,2025-12-16,,-188.22,158838.4
,PAYROLL,2025-12-17,,-18.37,158820.03
,ATM WITHDRAWAL,2025-12-17,,-238.89,158581.14
,APPLE.COM,2025-12-18,,-32.62,158548.52
,GROCERY STORE,2025-12-18,,-150.51,158398.01
,WALMART,2025-12-18,,-244.54,158153.47
,APPLE.COM,2025-12-18,,-233.81,157919.66
,PAYROLL,2025-12-19,,2652.04,160571.7
,TARGET,2025-12-19,,-94.53,160477.17
,MCDONALD'S,2025-12-19,,-191.87,160285.3
,NETFLIX,2025-12-20,,-193.74,160091.56
,ZELLE,2025-12-20,,668.83,160760.39
,GYM MEMBERSHIP,2025-12-20,,-14.76,160745.63
,ZELLE,2025-12-20,,2473.22,163218.85
,CHASE CREDIT CARD,2025-12-20,,-159,163059.85
,GYM MEMBERSHIP,2025-12-21,,-106.78,162953.07
,WALMART,2025-12-22,,-25.19,162927.88
,ATM WITHDRAWAL,2025-12-23,,-155.93,162771.95
,DOORDASH,2025-12-23,,-80.93,162691.02
,GYM MEMBERSHIP,2025-12-23,,-54.78,162636.24
,GYM MEMBERSHIP,2025-12-23,,-136.42,162499.82
,PAYROLL,2025-12-23,,-160.4,162339.42
,STARBUCKS,2025-12-23,,-171.86,162167.56
,TRANSFER IN,2025-12-24,,2246.69,164414.25
,WENDY'S,2025-12-24,,-212.38,164201.87
,REFUND,2025-12-25,,715.53,164917.4
,CVS PHARMACY,2025-12-26,,-116.08,164801.32
,WENDY'S,2025-12-26,,-80.78,164720.54
,ATM WITHDRAWAL,2025-12-26,,-186.46,164534.08
,REFUND,2025-12-26,,2269.75,166803.83
,TARGET,2025-12-26,,-45.14,166758.69
,AMAZON,2025-12-26,,-133.14,166625.55
,ZELLE,2025-12-27,,-181.59,166443.96
,UBER,2025-12-27,,-36.1,166407.86
,INTERNET BILL,2025-12-28,,-70.85,166337.01
,CHEVRON,2025-12-28,,-194,166143.01
,PAYROLL,2025-12-28,,2517.77,168660.78
,APPLE.COM,2025-12-29,,-20.65,168640.13
,GYM MEMBERSHIP,2025-12-29,,-146.28,168493.85
,TRANSFER IN,2025-12-29,,1637.99,170131.84
,UBER,2025-12-29,,-127.4,170004.44
,TARGET,2025-12-31,,-95.08,169909.36